state,crop,year,area_harvested_ha,yield_t_per_ha,production_tonnes
Abia,Cassava,2014,131905.4,9.65,1272835.7
Abia,Cassava,2015,98707.3,12.48,1232025.1
Abia,Cassava,2016,99481.4,11.37,1130849.2
Abia,Cassava,2017,100319.2,13.37,1341549.5
Abia,Cassava,2018,142790.2,10.18,1454077.2
Abia,Cassava,2019,104452.5,12.2,1274093
Abia,Cassava,2020,144703.2,9.59,1387055.2
Abia,Cassava,2021,135589.7,10.2,1383576.4
Abia,Cassava,2022,138005.2,9.74,1344473.8
Abia,Cassava,2023,116603.3,12,1399729.7
Abia,Cassava,2024,103278.3,13.55,1399189.6
Akwa Ibom,Cassava,2014,206123.3,12.89,2657324.5
Akwa Ibom,Cassava,2015,203202.2,12.92,2625269
Akwa Ibom,Cassava,2016,214579.1,11.91,2554629.5
Akwa Ibom,Cassava,2017,228437,12.31,2811672.3
Akwa Ibom,Cassava,2018,236625.2,13.15,3110945.1
Akwa Ibom,Cassava,2019,227173.6,13.51,3069856.8
Akwa Ibom,Cassava,2020,294874.7,9.48,2794010.5
Akwa Ibom,Cassava,2021,321063.8,9.55,3067104.2
Akwa Ibom,Cassava,2022,197452.3,13.9,2744613.6
Akwa Ibom,Cassava,2023,235293.4,13.21,3108217.3
Akwa Ibom,Cassava,2024,262274.1,12.25,3211741.8
Anambra,Cassava,2014,218175.7,9.77,2131892.5
Anambra,Cassava,2015,218918.1,9.83,2153029.8
Anambra,Cassava,2016,150502.3,13.79,2075847.3
Anambra,Cassava,2017,228594.5,10.31,2357335.4
Anambra,Cassava,2018,185730.3,12.03,2234350.5
Anambra,Cassava,2019,188135.9,12.21,2297593.9
Anambra,Cassava,2020,214463.7,11.33,2429858.1
Anambra,Cassava,2021,172945.9,13.18,2280201.8
Anambra,Cassava,2022,183804.8,11.86,2180304.6
Anambra,Cassava,2023,242067.1,9.86,2387985.6
Anambra,Cassava,2024,229989.2,10.83,2491482.2
Bayelsa,Cassava,2014,46763.4,13.16,615467.5
Bayelsa,Cassava,2015,57015.4,9.44,538125.3
Bayelsa,Cassava,2016,45389.9,13.13,596036.2
Bayelsa,Cassava,2017,63430.2,9.72,616509
Bayelsa,Cassava,2018,64787,9.73,630433.8
Bayelsa,Cassava,2019,65808.7,10.84,713206
Bayelsa,Cassava,2020,65848.4,10.67,702483.6
Bayelsa,Cassava,2021,75312.5,9.18,691430.3
Bayelsa,Cassava,2022,60895,10.39,632721.7
Bayelsa,Cassava,2023,64569.7,10.55,681521.2
Bayelsa,Cassava,2024,71558.8,9.52,681590.7
Benue,Cassava,2014,483471.4,13.29,6426779.7
Benue,Cassava,2015,564958.8,11.84,6691206.5
Benue,Cassava,2016,600431.2,11.28,6772191.9
Benue,Cassava,2017,717075,9.19,6587813.2
Benue,Cassava,2018,706740.1,9.66,6823779.5
Benue,Cassava,2019,600886.2,11.96,7184026.2
Benue,Cassava,2020,607079.2,13.02,7905361.1
Benue,Cassava,2021,538448,13.68,7366345.8
Benue,Cassava,2022,850296.5,9.2,7823370.9
Benue,Cassava,2023,841828.2,10.13,8526006.4
Benue,Cassava,2024,577236.1,13.2,7616832.1
Cross River,Cassava,2014,312623.8,10.85,3393215.2
Cross River,Cassava,2015,308256.7,11.77,3627532.7
Cross River,Cassava,2016,312899.3,11.16,3492101.9
Cross River,Cassava,2017,327046.3,11.58,
Cross River,Cassava,2018,406228.6,9.12,3706550.2
Cross River,Cassava,2019,398790.2,9.91,3951010.6
Cross River,Cassava,2020,329087.9,12.07,3972715.7
Cross River,Cassava,2021,313637.5,13.25,4156534.4
Cross River,Cassava,2022,287677,12.67,3645761.2
Cross River,Cassava,2023,332378.3,11.75,3904023
Cross River,Cassava,2024,377644.7,11.35,4284996.7
Delta,Cassava,2014,255535.9,12.79,3268415.9
Delta,Cassava,2015,298975.2,10.41,3111410.9
Delta,Cassava,2016,354829.7,9.52,3376919.3
Delta,Cassava,2017,254276.6,13.47,3424401.8
Delta,Cassava,2018,307366.8,11.34,3484589.4
Delta,Cassava,2019,411270.2,9.26,3808283.7
Delta,Cassava,2020,294762.1,12.98,3824707.8
Delta,Cassava,2021,297306.1,11.21,3333268.2
Delta,Cassava,2022,274013,12.55,3438285.8
Delta,Cassava,2023,278144.4,13,3615697
Delta,Cassava,2024,351605.5,9.42,3312326.5
Ebonyi,Cassava,2014,83772.4,10.13,848995.1
Ebonyi,Cassava,2015,85645.1,10.91,933968.4
Ebonyi,Cassava,2016,85960.6,10.66,916154.4
Ebonyi,Cassava,2017,95061.3,10.55,1003050.5
Ebonyi,Cassava,2018,69050.8,13.08,903380.2
Ebonyi,Cassava,2019,101719.4,9.7,986560.3
Ebonyi,Cassava,2020,88991.3,12.29,1093642.1
Ebonyi,Cassava,2021,77217.6,12.88,994859.1
Ebonyi,Cassava,2022,85090.5,11.02,937711.4
Ebonyi,Cassava,2023,83741.7,10.82,906470.3
Ebonyi,Cassava,2024,76008,13.25,1007210.8
Edo,Cassava,2014,192222.3,12.72,2445800.7
Edo,Cassava,2015,247908.8,9.45,2342797.7
Edo,Cassava,2016,174848.9,12.91,2257941.5
Edo,Cassava,2017,223968.3,10.2,2285563.2
Edo,Cassava,2018,229676.5,10.87,2496795.3
Edo,Cassava,2019,262552.3,9.67,2539606
Edo,Cassava,2020,212802.8,12.82,2728050
Edo,Cassava,2021,199693.3,14,2794811.6
Edo,Cassava,2022,187553,13.73,2575126
Edo,Cassava,2023,220702.5,12.71,2805893.3
Edo,Cassava,2024,274252.5,10.69,2932384.8
Ekiti,Cassava,2014,109417.9,10.63,1163016.9
Ekiti,Cassava,2015,98286.9,11.31,1111564
Ekiti,Cassava,2016,110439.4,11.43,1262685.4
Ekiti,Cassava,2017,103041.7,13.16,1355572
Ekiti,Cassava,2018,112262.5,12.26,1376299.2
Ekiti,Cassava,2019,110008.4,11.57,1272919.9
Ekiti,Cassava,2020,119785,11.46,1372827.8
Ekiti,Cassava,2021,105107.9,12.25,1287637.7
Ekiti,Cassava,2022,103807.4,11.89,1234278.7
Ekiti,Cassava,2023,99089.9,13.14,1301632
Ekiti,Cassava,2024,126088.8,11.41,1439034
Enugu,Cassava,2014,235996.9,12.81,3022104.9
Enugu,Cassava,2015,274933.8,11.36,3122005.6
Enugu,Cassava,2016,339268.8,9.88,
Enugu,Cassava,2017,247267.6,13.04,3224681
Enugu,Cassava,2018,305259.1,12.31,3759058.8
Enugu,Cassava,2019,314969.7,11.52,3629279.6
Enugu,Cassava,2020,278484.7,12.67,3529645.2
Enugu,Cassava,2021,264841.9,13.93,3690084.4
Enugu,Cassava,2022,270718.5,12.73,3445148
Enugu,Cassava,2023,291168.1,12.24,3563822.8
Enugu,Cassava,2024,382544.4,10.96,4193781.7
FCT Abuja,Cassava,2014,13880.4,12.93,179537.9
FCT Abuja,Cassava,2015,13968.3,12.58,175783
FCT Abuja,Cassava,2016,14513,12.63,183371.3
Abuja FCT,Cassava,2017,14753.5,11.91,175649.2
FCT Abuja,Cassava,2018,20031.5,9.58,191850.5
FCT Abuja,Cassava,2019,17593.5,11.4,200646.6
FCT Abuja,Cassava,2020,15025.4,13.68,205556.5
FCT Abuja,Cassava,2021,14837.1,13,
FCT Abuja,Cassava,2022,14319.9,11.94,171001.1
FCT Abuja,Cassava,2023,20713.2,9.82,203377.5
Abuja FCT,Cassava,2024,15322.7,13.64,208960
Imo,Cassava,2014,303267,9.64,2923666.3
Imo,Cassava,2015,209858.1,12.82,2691428.3
Imo,Cassava,2016,214561.3,12.79,2744796.8
Imo,Cassava,2017,211881.5,13.76,2916442.4
Imo,Cassava,2018,333777.8,10.43,3482046.8
Imo,Cassava,2019,243757.5,13.26,3231166.7
Imo,Cassava,2020,249490.6,12.47,3112143.1
Imo,Cassava,2021,256227.5,13.76,3524659
Imo,Cassava,2022,238985.4,13.26,3167908.3
Imo,Cassava,2023,317347.8,10.58,3357879.6
Imo,Cassava,2024,299244,12.78,3823336.1
Kaduna,Cassava,2014,229747.9,12.22,2807364.4
Kaduna,Cassava,2015,267051.6,10.52,2809315.9
Kaduna,Cassava,2016,227218.9,11.92,2708560.1
Kaduna,Cassava,2017,202362,13.68,2768356
Kaduna,Cassava,2018,241848,12.17,2943260.2
Kaduna,Cassava,2019,331713,10.25,3399042.7
Kaduna,Cassava,2020,249418.6,12.63,3149802.1
Kaduna,Cassava,2021,310101.3,9.61,2979952.1
Kaduna,Cassava,2022,259262.4,10.35,2684349
Kaduna,Cassava,2023,229518.3,12.13,2784071.6
Kaduna,Cassava,2024,312583,9.9,3096020.3
Kogi,Cassava,2014,498643.9,9.47,4722599.5
Kogi,Cassava,2015,461359.4,9.57,4416432
Kogi,Cassava,2016,383779.3,10.53,4041113.3
Kogi,Cassava,2017,407566.7,10.85,4423978.2
Kogi,Cassava,2018,446905.2,10.5,4694624.2
Kogi,Cassava,2019,468741.4,10.97,5141226.9
Kogi,Cassava,2020,405601.1,12.16,4933970.2
Kogi,Cassava,2021,446572.9,11.4,5089523.6
Kogi,Cassava,2022,468337.1,9.62,4507565.7
Kogi,Cassava,2023,396815.3,11.83,4693873
Kogi,Cassava,2024,586863.8,9.71,5697261.4
Kwara,Cassava,2014,55255,10.94,604345.6
Kwara,Cassava,2015,39916.4,13.81,551224.6
Kwara,Cassava,2016,62546.4,9.7,606778.4
Kwara,Cassava,2017,61999.6,10.15,629189.4
Kwara,Cassava,2018,67434.3,10.55,711545.1
Kwara,Cassava,2019,63899,10.64,
Kwara,Cassava,2020,53005.4,12.81,679139.6
Kwara,Cassava,2021,71907.1,9.26,665736.3
Kwara,Cassava,2022,60216.9,11.14,670787
Kwara,Cassava,2023,54500.1,12.53,682724.5
Kwara,Cassava,2024,51542.2,13.59,700287.4
Lagos,Cassava,2014,9877.5,12.53,123723.9
Lagos,Cassava,2015,10910,10.36,113040.4
Lagos,Cassava,2016,12702.2,9.54,121162.5
Lagos,Cassava,2017,8973.5,13.02,116841
Lagos,Cassava,2018,13699.8,9.28,127093
Lagos,Cassava,2019,11850.2,11.68,138376.6
Lagos,Cassava,2020,11491.5,10.92,125448.3
Lagos,Cassava,2021,10248.5,12.86,131800.9
Lagos,Cassava,2022,12806.9,9.18,117571
Lagos,Cassava,2023,9661.4,13.18,127351.6
Lagos,Cassava,2024,13786.9,10.54,145282.3
Nasarawa,Cassava,2014,83048.9,11.19,928964.7
Nasarawa,Cassava,2015,72033,12.15,875302.7
Nasarawa,Cassava,2016,78538.2,11.19,879200.2
Nasarawa,Cassava,2017,69322.8,13.86,960754.2
Nasarawa,Cassava,2018,121675.4,9.33,1135571.8
Nasarawa,Cassava,2019,78233.3,11.08,867172.9
Nasarawa,Cassava,2020,82018,12.87,1055703.7
Nasarawa,Cassava,2021,77856.9,13.55,1055209.4
Nasarawa,Cassava,2022,110022.7,9.6,1055787.8
Nasarawa,Cassava,2023,68954.3,13.98,963797
Nasarawa,Cassava,2024,84925.1,11.49,976136.8
Niger,Cassava,2014,24324.9,12.41,301931.9
Niger,Cassava,2015,24527,12.5,306551.8
Niger,Cassava,2016,29538.3,9.54,281880.7
Niger,Cassava,2017,25025.7,12.39,310025.2
Niger,Cassava,2018,23344.3,13.6,317595.2
Niger,Cassava,2019,25901.8,12.43,321926.1
Niger,Cassava,2020,31450.3,10.82,340322.6
Niger,Cassava,2021,22690.5,13.01,295144.1
Niger,Cassava,2022,26397.9,12.17,321345.4
Niger,Cassava,2023,26725.6,12.2,326170.8
Niger,Cassava,2024,35672.6,9.89,352713.9
Ogun,Cassava,2014,216081.1,11.77,2543905.8
Ogun,Cassava,2015,256554.5,11.04,2833039.4
Ogun,Cassava,2016,296925.4,9.21,2734110.1
Ogun,Cassava,2017,184149.3,13.96,2571069.4
Ogun,Cassava,2018,212619.7,13.83,2940776.6
Ogun,Cassava,2019,255325.5,10.87,2774895.5
Ogun,Cassava,2020,217617.7,13.79,3001906.4
Ogun,Cassava,2021,269404.8,11.27,3036620.7
Ogun,Cassava,2022,280431.2,9.27,2600298.3
Ogun,Cassava,2023,241652.3,13.43,3245877.3
Ogun,Cassava,2024,274122.6,10.46,2867403.5
Ondo,Cassava,2014,192407.4,13.14,2527878.6
Ondo,Cassava,2015,244659.3,10.17,2488110.9
Ondo,Cassava,2016,274723.1,10.65,2925610.7
Ondo,Cassava,2017,220032.3,12.74,2803880.6
Ondo,Cassava,2018,236202.9,13.67,3227739.8
Ondo,Cassava,2019,310632.2,9.51,2953602.7
Ondo,Cassava,2020,243999.7,11.97,2920288.1
Ondo,Cassava,2021,260293.5,10.48,2727041.7
Ondo,Cassava,2022,288590,9.21,2658420
Ondo,Cassava,2023,268533.1,11.52,3093008.5
Ondo,Cassava,2024,256650.4,11.93,3062410.9
Osun,Cassava,2014,99920.9,11.35,1133880.6
Osun,Cassava,2015,101150.4,11.51,1163757.8
Osun,Cassava,2016,103177.9,13.69,1412415.9
Osun,Cassava,2017,123289.2,9.9,1220111.9
Osun,Cassava,2018,102345,11.27,1153375.5
Osun,Cassava,2019,124321.3,11.31,1406570.8
Osun,Cassava,2020,85948.8,13.66,1173731.8
Osun,Cassava,2021,103972.5,13.49,1402086.7
Osun,Cassava,2022,109494.9,12.25,1340892.1
Osun,Cassava,2023,111332.8,10.86,1209220.3
Osun,Cassava,2024,107959.8,13.26,1431555.1
Oyo,Cassava,2014,340386.2,11.22,3818135.8
Oyo,Cassava,2015,314504.2,11.18,3517285
Oyo,Cassava,2016,377287.6,9.42,3554887.8
Oyo,Cassava,2017,411860,9.22,3799224.2
Oyo,Cassava,2018,372759.3,9.7,3616398.2
Oyo,Cassava,2019,382933.9,11.08,4243410.2
Oyo,Cassava,2020,306650.8,13.68,4194890.9
Oyo,Cassava,2021,354773.3,12.43,4410003.3
Oyo,Cassava,2022,285077.8,13.9,3962874
Oyo,Cassava,2023,398338.8,11.56,4606268.6
Oyo,Cassava,2024,445185.3,9.22,4106052.9
Plateau,Cassava,2014,30203.3,10,302019.6
Plateau,Cassava,2015,21131.1,13.85,292578.3
Plateau,Cassava,2016,28039.8,10.41,291787.3
Plateau,Cassava,2017,23450.2,11.53,270419.1
Plateau,Cassava,2018,31730.6,10.42,330747.5
Plateau,Cassava,2019,23037.3,13.74,316631
Plateau,Cassava,2020,33911.3,9.79,331926.1
Plateau,Cassava,2021,23055.7,13.25,305419.8
Plateau,Cassava,2022,29064.3,11.04,320983.2
Plateau,Cassava,2023,32889,10.05,330379.6
Plateau,Cassava,2024,37219,9.96,370627.1
Rivers,Cassava,2014,165067.8,13.85,2286764.5
Rivers,Cassava,2015,196223.9,12.31,2415434.1
Rivers,Cassava,2016,226627.9,9.85,2232956.7
Rivers,Cassava,2017,237162.8,10.58,2509098.5
Rivers,Cassava,2018,273656.7,9.09,2487315.8
Rivers,Cassava,2019,280066.3,9.5,2659388.3
Rivers,Cassava,2020,245075.7,10.27,2516171.3
Rivers,Cassava,2021,202513.2,13.59,2752601.8
Rivers,Cassava,2022,281307.4,9.46,2660775.4
Rivers,Cassava,2023,206671.2,13.19,2725354.2
Rivers,Cassava,2024,191287.7,13.22,2528429.2
Taraba,Cassava,2014,180178.7,11.33,2042074
Taraba,Cassava,2015,197087.5,11.03,2174255.9
Taraba,Cassava,2016,161454,11.95,1930114.8
Taraba,Cassava,2017,242993.6,9.47,2301716.6
Taraba,Cassava,2018,213300.1,10.16,2167812.7
Taraba,Cassava,2019,162266.7,13.01,2111110.6
Taraba,Cassava,2020,201959.3,11.82,2388118.7
Taraba,Cassava,2021,150893.5,13.4,2021369.7
Taraba,Cassava,2022,163986.4,12.92,2118770.3
Taraba,Cassava,2023,228374.2,10.4,2375790.3
Taraba,Cassava,2024,189162.4,12.81,2424024
Adamawa,Maize,2014,363481.6,2.4,872861
Adamawa,Maize,2015,514757.2,1.63,837292.6
Adamawa,Maize,2016,366562.6,2,733588.9
Adamawa,Maize,2017,347448,2.34,814230.4
Adamawa,Maize,2018,355153.8,2.25,799689
Adamawa,Maize,2019,442365,1.76,777466.8
Adamawa,Maize,2020,477509.3,1.66,792823.4
Adamawa,Maize,2021,312111.7,2.35,734018.2
Adamawa,Maize,2022,410625.4,1.84,753602.9
Adamawa,Maize,2023,429631,2.24,962051.3
Adamawa,Maize,2024,415435.8,2.43,1009341
Bauchi,Maize,2014,293832.4,1.6,470284.2
Bauchi,Maize,2015,232868.5,1.87,435626.4
Bauchi,Maize,2016,193058.2,1.98,382396.7
Bauchi,Maize,2017,264526.8,1.87,494755.5
Bauchi,Maize,2018,196542,2.31,453186
Bauchi,Maize,2019,272702,1.66,453593.1
Bauchi,Maize,2020,211207.9,2.27,479833.6
Bauchi,Maize,2021,219048.9,2.1,459549.7
Bauchi,Maize,2022,189761.2,2.44,462092.5
Bauchi,Maize,2023,221930.9,2.22,492446.1
Bauchi,Maize,2024,286920.4,2,572818.4
Benue,Maize,2014,348625.8,1.75,611324.2
Benue,Maize,2015,215193.2,2.36,507406.3
Benue,Maize,2016,207733.7,2.58,535669.3
Benue,Maize,2017,309811.3,1.93,598157.6
Benue,Maize,2018,267132.4,2.13,570221
Benue,Maize,2019,230422.1,2.58,593842.2
Benue,Maize,2020,237428.6,2.46,583179
Benue,Maize,2021,321150,1.97,632431.9
Benue,Maize,2022,282249.2,1.85,523017.6
Benue,Maize,2023,312283.9,1.83,570749.2
Benue,Maize,2024,457662.8,1.66,757528
Borno,Maize,2014,96898,2.35,227736.1
Borno,Maize,2015,134382.9,1.8,241282.7
Borno,Maize,2016,108136.8,2.17,234433.4
Borno,Maize,2017,128507.7,1.97,253158.2
Borno,Maize,2018,130621.2,1.79,233728.8
Borno,Maize,2019,105871.4,2.14,226615.3
Borno,Maize,2020,122174.6,1.75,214345.9
Borno,Maize,2021,147386.7,1.83,269007
Borno,Maize,2022,94398.1,2.24,211664.5
Borno,Maize,2023,110109.8,2.39,262820.2
Borno,Maize,2024,153416.5,2.05,314432
Cross River,Maize,2014,25815.1,2.25,
Cross River,Maize,2015,24852.2,2.21,54935.4
Cross River,Maize,2016,29734.1,1.86,55228.7
Cross River,Maize,2017,28808.9,1.98,56947.5
Cross River,Maize,2018,22469.5,2.5,56149.6
Cross River,Maize,2019,27615.1,2.11,58218.1
Cross River,Maize,2020,27271.5,2.15,58640.4
Cross River,Maize,2021,35033.9,1.77,62002.9
Cross River,Maize,2022,33087.7,1.89,62516.9
Cross River,Maize,2023,31827.4,2.07,66007.9
Cross River,Maize,2024,38394.7,1.69,64887.1
Delta,Maize,2014,22340.7,2.59,57871.1
Delta,Maize,2015,26118.7,1.96,51123.9
Delta,Maize,2016,26836.4,2.16,58038.3
Delta,Maize,2017,35805.6,1.76,63139.3
Delta,Maize,2018,26459.7,2.15,56773.9
Delta,Maize,2019,25939.4,2.1,54411.8
Delta,Maize,2020,31100.5,1.91,59350
Delta,Maize,2021,24851.8,2.16,53605.5
Delta,Maize,2022,29615.7,1.79,52875.2
Delta,Maize,2023,38897.1,1.95,75929
Delta,Maize,2024,38615.4,1.77,68315.8
Edo,Maize,2014,50132.9,2.42,121477.4
Edo,Maize,2015,52825.1,1.96,103577.4
Edo,Maize,2016,59036.7,1.99,117429.7
Edo,Maize,2017,58400.5,2.06,120519.7
Edo,Maize,2018,58146.4,1.73,100415
Edo,Maize,2019,63167.7,1.79,112937.7
Edo,Maize,2020,61671.2,1.75,107765.8
Edo,Maize,2021,51149.6,2.54,129858.8
Edo,Maize,2022,59698.4,2.07,123470.1
Edo,Maize,2023,55136.4,2.52,138825.8
Edo,Maize,2024,56377.1,2.52,142177.2
Ekiti,Maize,2014,97267.8,1.69,164650.6
Ekiti,Maize,2015,77560.2,2.07,160546.3
Ekiti,Maize,2016,79080.5,2.23,176598.5
Ekiti,Maize,2017,64157.1,2.41,154680.5
Ekiti,Maize,2018,74559.9,2.17,161604.8
Ekiti,Maize,2019,110222.4,1.69,186339.6
Ekiti,Maize,2020,84448.6,2.23,188052.2
Ekiti,Maize,2021,74961.3,2.09,156992.5
Ekiti,Maize,2022,79406.5,1.97,156553.4
Ekiti,Maize,2023,99188.4,1.72,170390.2
Ekiti,Maize,2024,83737.7,2.56,214244.1
Enugu,Maize,2014,29923.7,1.99,59635.5
Enugu,Maize,2015,21053.3,2.49,52388.2
Enugu,Maize,2016,20816.9,2.53,52614.7
Enugu,Maize,2017,32561.6,1.64,53404.2
Enugu,Maize,2018,26236.6,2.3,60471
Enugu,Maize,2019,21537.8,2.59,55886.6
Enugu,Maize,2020,32902.2,1.67,54944.5
Enugu,Maize,2021,32796.6,1.66,54374.9
Enugu,Maize,2022,23322.5,2.51,58483.7
Enugu,Maize,2023,42014.6,1.69,71164.7
Enugu,Maize,2024,38674,1.67,64636.1
FCT Abuja,Maize,2014,22225.4,2.58,57243.6
FCT Abuja,Maize,2015,30392,1.7,51661.3
Abuja FCT,Maize,2016,25366.2,2.27,57554.6
FCT Abuja,Maize,2017,29379.7,2.12,62351
Abuja FCT,Maize,2018,22369.8,2.06,46001.3
Abuja FCT,Maize,2019,25557,2.08,53106.1
FCT Abuja,Maize,2020,23016.7,2.38,54830.7
Abuja FCT,Maize,2021,28920,2,57923.2
Abuja FCT,Maize,2022,30264.9,1.87,56475.3
FCT Abuja,Maize,2023,27189.8,2.48,67309.5
FCT Abuja,Maize,2024,47007.2,1.67,78692.8
Gombe,Maize,2014,179079,1.77,316611.8
Gombe,Maize,2015,174950.1,1.6,280107
Gombe,Maize,2016,168639.1,1.7,287240.3
Gombe,Maize,2017,120768,2.56,309598.5
Gombe,Maize,2018,149205.4,1.72,256261
Gombe,Maize,2019,159200.6,1.8,286858.4
Gombe,Maize,2020,125958.2,2.34,294310.6
Gombe,Maize,2021,117943.8,2.51,295874.7
Gombe,Maize,2022,163179.2,1.81,295027.7
Gombe,Maize,2023,145458.3,2.04,296912.8
Gombe,Maize,2024,188061.7,1.82,341505.8
Jigawa,Maize,2014,97691.9,2.35,229803.6
Jigawa,Maize,2015,124287.8,1.82,225604.5
Jigawa,Maize,2016,113666.7,1.93,219292.9
Jigawa,Maize,2017,90900,2.21,200635.6
Jigawa,Maize,2018,91271.2,2.57,234453
Jigawa,Maize,2019,122825.4,1.98,242986.8
Jigawa,Maize,2020,135958.1,1.71,232586.8
Jigawa,Maize,2021,104329.1,2.44,254209.7
Jigawa,Maize,2022,108158.2,2.08,224906
Jigawa,Maize,2023,120848.1,2.18,263768.4
Jigawa,Maize,2024,113921.3,2.13,242836.1
Kaduna,Maize,2014,574081.9,2.27,1304466
Kaduna,Maize,2015,596652.6,1.82,1086383.8
Kaduna,Maize,2016,489403.2,2.22,1086264.2
Kaduna,Maize,2017,707260.9,1.99,1409206.5
Kaduna,Maize,2018,678350.1,1.79,1213211.8
Kaduna,Maize,2019,567452.6,1.99,1130085.8
Kaduna,Maize,2020,601834.1,2.19,1319796.1
Kaduna,Maize,2021,672187.9,2.05,1376802.5
Kaduna,Maize,2022,682950.8,1.79,1223794
Kaduna,Maize,2023,840005.1,1.74,1457440.8
Kaduna,Maize,2024,750002,1.98,1487091.4
Kano,Maize,2014,209072.3,2.48,518304.5
Kano,Maize,2015,231232.8,1.86,430135.7
Kano,Maize,2016,214146.8,2.41,515278.1
Kano,Maize,2017,346126.9,1.61,555697.5
Kano,Maize,2018,234403.1,2.03,476090.5
Kano,Maize,2019,253005.7,2.12,535298.2
Kano,Maize,2020,254391.8,2.03,515949.8
Kano,Maize,2021,266018.1,2.04,542363.5
Kano,Maize,2022,258782.2,2.03,525316.7
Kano,Maize,2023,246697.2,2.45,604654.1
Kano,Maize,2024,275433.9,2.16,595907.7
Katsina,Maize,2014,235095.1,2.49,586099.5
Katsina,Maize,2015,263786.1,2.2,580740.5
Katsina,Maize,2016,249532.3,2.55,635969.3
Katsina,Maize,2017,268939.1,2.1,563808.7
Katsina,Maize,2018,318026.4,2.23,710545.5
Katsina,Maize,2019,217619.4,2.58,560530
Katsina,Maize,2020,296098.8,2.25,665684.5
Katsina,Maize,2021,394768.3,1.87,739323.8
Katsina,Maize,2022,238505.3,2.56,611651.2
Katsina,Maize,2023,421872.2,1.81,763982.9
Katsina,Maize,2024,419201.8,1.82,763013.5
Kebbi,Maize,2014,161140.1,2.37,382647.1
Kebbi,Maize,2015,202254.8,1.91,387267.3
Kebbi,Maize,2016,180964.2,2.18,
Kebbi,Maize,2017,169120.1,2.37,401644.7
Kebbi,Maize,2018,163917.6,2.5,410283.9
Kebbi,Maize,2019,178834.5,2.17,387815
Kebbi,Maize,2020,199486.9,1.97,393171.3
Kebbi,Maize,2021,167066.4,2.47,412181.5
Kebbi,Maize,2022,233120.1,1.6,373995.9
Kebbi,Maize,2023,271360.1,1.73,468989.9
Kebbi,Maize,2024,314825.5,1.65,519739.4
Kogi,Maize,2014,126623.3,2.14,270839.9
Kogi,Maize,2015,155633.2,1.77,275775.8
Kogi,Maize,2016,151814.4,2.01,304945
Kogi,Maize,2017,112013,2.48,277584.6
Kogi,Maize,2018,133759.8,2.13,285563.6
Kogi,Maize,2019,102010.7,2.55,260009.2
Kogi,Maize,2020,151611.4,1.73,262462.9
Kogi,Maize,2021,199077.2,1.62,321670.1
Kogi,Maize,2022,138750.4,2,276839.6
Kogi,Maize,2023,125086.6,2.42,302772.8
Kogi,Maize,2024,220141.9,1.83,403023.9
Kwara,Maize,2014,132554.2,1.78,235454.9
Kwara,Maize,2015,87210.2,2.46,214561.6
Kwara,Maize,2016,138557.6,1.77,244701.3
Kwara,Maize,2017,161142.8,1.62,261691.1
Kwara,Maize,2018,95526.5,2.44,233290.4
Kwara,Maize,2019,134903.3,1.77,238626.8
Kwara,Maize,2020,114151.9,1.96,223473.2
Kwara,Maize,2021,130339.5,1.87,243485.4
Kwara,Maize,2022,91912.4,2.35,216414.4
Kwara,Maize,2023,106169.4,2.56,271860.3
Kwara,Maize,2024,108964.5,2.57,280294.5
Nasarawa,Maize,2014,280407,1.67,467583.9
Nasarawa,Maize,2015,180601.5,2.16,390320.1
Nasarawa,Maize,2016,196622.4,2.09,411662.8
Nasarawa,Maize,2017,238606.3,1.97,470784.6
Nasarawa,Maize,2018,162948.5,2.56,416937.5
Nasarawa,Maize,2019,298218.9,1.65,491798
Nasarawa,Maize,2020,242504.7,1.95,472320
Nasarawa,Maize,2021,182670.5,2.36,431678.8
Nasarawa,Maize,2022,192402.1,2.37,456348.9
Nasarawa,Maize,2023,220186.3,2.47,543292.9
Nasarawa,Maize,2024,237760.1,2.47,586102.6
Niger,Maize,2014,403133.4,2.39,962466.3
Niger,Maize,2015,503059.5,1.89,950321.5
Niger,Maize,2016,377416.5,2.45,925569.5
Niger,Maize,2017,497704.5,2.18,1084486.9
Niger,Maize,2018,522964.3,1.7,887371.1
Niger,Maize,2019,662112.4,1.68,1110651.2
Niger,Maize,2020,513139.2,2.24,1148204.9
Niger,Maize,2021,566951.6,1.84,1043617.9
Niger,Maize,2022,451363.5,2.41,1088683.4
Niger,Maize,2023,572847.2,2,1146867.5
Niger,Maize,2024,462318.5,2.48,1148181.8
Ogun,Maize,2014,55701.8,1.81,100730
Ogun,Maize,2015,55943.9,1.81,101089.9
Ogun,Maize,2016,55169.6,1.92,105965
Ogun,Maize,2017,50682.7,2.44,123550.1
Ogun,Maize,2018,48626.2,2.47,119975.5
Ogun,Maize,2019,51060.4,2.27,116052.9
Ogun,Maize,2020,48899.9,2.48,121409.9
Ogun,Maize,2021,45831.1,2.47,113336.2
Ogun,Maize,2022,59276.6,2,118752
Ogun,Maize,2023,60188.8,2.28,137108.3
Ogun,Maize,2024,57931.9,2.41,139717.3
Osun,Maize,2014,66657.2,1.72,114577.7
Osun,Maize,2015,59001.6,1.78,104795.1
Osun,Maize,2016,58594.7,1.98,115935.1
Osun,Maize,2017,63408.6,1.9,120717.1
Osun,Maize,2018,48359.7,2.43,117515.1
Osun,Maize,2019,65886.4,1.83,120482.8
Osun,Maize,2020,51887.9,2.31,119765.5
Osun,Maize,2021,61721.8,1.91,118157
Osun,Maize,2022,63529.7,1.85,117268
Osun,Maize,2023,73216.3,1.79,130949.5
Osun,Maize,2024,55924.8,2.18,121838.3
Oyo,Maize,2014,114599.6,2.46,282006.8
Oyo,Maize,2015,99247.5,2.49,247574.1
Oyo,Maize,2016,136200.5,2.19,298188.1
Oyo,Maize,2017,158288.4,1.79,282957.9
Oyo,Maize,2018,119039.1,2.43,289825.3
Oyo,Maize,2019,126160.4,2.22,279797
Oyo,Maize,2020,148520.9,1.82,269639
Oyo,Maize,2021,141900.7,2.06,292447.6
Oyo,Maize,2022,118832.1,2.41,286378.4
Oyo,Maize,2023,156172.3,2.13,332250
Oyo,Maize,2024,151914.6,2.38,361445.9
Plateau,Maize,2014,481767.4,1.92,925738
Plateau,Maize,2015,316141.6,2.43,767764.7
Plateau,Maize,2016,327877,2.6,851390.6
Plateau,Maize,2017,448463.4,2.16,969877.4
Plateau,Maize,2018,331718,2.57,853980.4
Plateau,Maize,2019,373523.9,2.21,
Plateau,Maize,2020,384877.7,2.5,960945.5
Plateau,Maize,2021,446188.2,1.99,888833.6
Plateau,Maize,2022,383884.1,2.28,874376.2
Plateau,Maize,2023,621131.6,1.64,1015622.8
Plateau,Maize,2024,433173.9,2.21,955738.8
Sokoto,Maize,2014,96967.4,2.34,226690.1
Sokoto,Maize,2015,90291.8,2.54,228938.5
Sokoto,Maize,2016,85319.1,2.53,216094.4
Sokoto,Maize,2017,113834.6,2.16,246382.9
Sokoto,Maize,2018,107015.5,2.05,218848.5
Sokoto,Maize,2019,127742.7,2.04,260319.4
Sokoto,Maize,2020,81383.1,2.49,203025.4
Sokoto,Maize,2021,114415.4,2.17,248071.8
Sokoto,Maize,2022,136065.6,1.8,244305.2
Sokoto,Maize,2023,115025.2,2.1,241883.7
Sokoto,Maize,2024,122500,2.24,273856.2
Taraba,Maize,2014,347477.2,2.42,841322.5
Taraba,Maize,2015,362557.8,2.17,785452.7
Taraba,Maize,2016,365290,2.42,883931.9
Taraba,Maize,2017,576247,1.64,944204.9
Taraba,Maize,2018,466680.2,2,935691
Taraba,Maize,2019,457935.4,2.05,936969.2
Taraba,Maize,2020,370295,2.58,955874.6
Taraba,Maize,2021,583576.9,1.78,1036640.1
Taraba,Maize,2022,364786,2.51,916811.3
Taraba,Maize,2023,510279,2.45,1248484.9
Taraba,Maize,2024,489126.1,2.37,1159323.2
Yobe,Maize,2014,96257.6,1.97,189425.7
Yobe,Maize,2015,84292.7,1.81,152914.8
Yobe,Maize,2016,70053.9,2.26,158234.4
Yobe,Maize,2017,100735.8,1.72,173104.3
Yobe,Maize,2018,66466.9,2.56,170445.8
Yobe,Maize,2019,91757.1,1.92,176241
Yobe,Maize,2020,102674.4,1.89,194191.1
Yobe,Maize,2021,76863,2.45,188148.2
Yobe,Maize,2022,64200.1,2.58,165827.9
Yobe,Maize,2023,104614.7,1.85,193194.5
Yobe,Maize,2024,119319.1,1.8,214957.5
Zamfara,Maize,2014,150799.2,2.25,339638.8
Zamfara,Maize,2015,149534.7,2.28,340438.4
Zamfara,Maize,2016,173282.6,1.92,332890.7
Zamfara,Maize,2017,144354,2.14,308410.7
Zamfara,Maize,2018,129460,2.54,328294.3
Zamfara,Maize,2019,163623.9,2.14,349700.1
Zamfara,Maize,2020,150091.7,2.41,362039.6
Zamfara,Maize,2021,150308.8,2.21,332710.9
Zamfara,Maize,2022,141957.1,2.59,368247.9
Zamfara,Maize,2023,159648.7,2.54,405270.1
Zamfara,Maize,2024,155426.2,2.47,383375.6
Adamawa,Rice,2014,72845.4,2.68,195415.2
Adamawa,Rice,2015,58583.1,3.09,180843
Adamawa,Rice,2016,80825.6,2.73,220482.5
Adamawa,Rice,2017,104510.9,2.09,218823.7
Adamawa,Rice,2018,103172.3,2.06,212209.5
Adamawa,Rice,2019,90034.1,2.51,225840.3
Adamawa,Rice,2020,107493.6,2.13,228950.6
Adamawa,Rice,2021,94735.2,2.6,246616
Adamawa,Rice,2022,114405.1,2.08,238029.7
Adamawa,Rice,2023,104755.9,2.5,262336.7
Adamawa,Rice,2024,129611.1,2.17,280776
Anambra,Rice,2014,116632.5,2.4,279479.7
Anambra,Rice,2015,99557.1,2.68,267209.2
Anambra,Rice,2016,117905.3,2.38,280571.5
Anambra,Rice,2017,96711.2,3.12,301302.5
Anambra,Rice,2018,99563,3.01,299811.9
Anambra,Rice,2019,97185.3,3.01,292642.9
Anambra,Rice,2020,118101.7,2.41,284606.9
Anambra,Rice,2021,134097.8,2.47,331393.6
Anambra,Rice,2022,115718.3,3.12,360527.1
Anambra,Rice,2023,113764.3,2.75,313390.8
Anambra,Rice,2024,173822.6,2.1,364390
Bauchi,Rice,2014,44861.3,2.81,126046.9
Bauchi,Rice,2015,58826.4,2.32,136209.3
Bauchi,Rice,2016,45968.4,3.08,141798
Bauchi,Rice,2017,61769.7,2.09,129099.9
Bauchi,Rice,2018,54406.1,2.74,148923.7
Bauchi,Rice,2019,61200.6,2.34,142926.9
Bauchi,Rice,2020,56684.3,2.39,135674.3
Bauchi,Rice,2021,63472.4,2.94,186714.6
Bauchi,Rice,2022,45265.4,3.05,138128.2
Bauchi,Rice,2023,76391.5,2.24,171098.1
Bauchi,Rice,2024,86535.5,2.08,180250.5
Benue,Rice,2014,163229.6,2.42,394244.6
Benue,Rice,2015,166776.4,2.22,369753.4
Benue,Rice,2016,193070,2.15,415616.1
Benue,Rice,2017,180259.4,2.05,369723.2
Benue,Rice,2018,176080.3,2.41,423945.6
Benue,Rice,2019,259796.3,2.05,532794.2
Benue,Rice,2020,218710.5,2.29,500007.1
Benue,Rice,2021,174867.3,2.72,476144.8
Benue,Rice,2022,190232.3,2.53,481513.6
Benue,Rice,2023,214278.1,2.55,546420.1
Benue,Rice,2024,231017.9,2.34,541729.5
Borno,Rice,2014,22651.4,2.91,65972.4
Borno,Rice,2015,23594.3,3,70768.7
Borno,Rice,2016,29130.6,2.57,74943.6
Borno,Rice,2017,32642.7,2.26,73886.5
Borno,Rice,2018,28118.4,2.64,74134.9
Borno,Rice,2019,29066,2.82,81851
Borno,Rice,2020,25599.6,2.93,74974.3
Borno,Rice,2021,37527,2.14,80241.2
Borno,Rice,2022,34841.6,2.24,77918
Borno,Rice,2023,40966.4,2.01,82171.6
Borno,Rice,2024,28168.4,3.02,
Cross River,Rice,2014,101917.7,2.26,230328.7
Cross River,Rice,2015,88379.1,2.77,244798.9
Cross River,Rice,2016,95795.1,2.7,258462.2
Cross River,Rice,2017,78978.3,3.16,249906.5
Cross River,Rice,2018,101094.4,2.59,261543.2
Cross River,Rice,2019,87472.2,3.13,274181.7
Cross River,Rice,2020,143032.8,2.02,288490
Cross River,Rice,2021,125278.5,2.39,299837.7
Cross River,Rice,2022,118964.1,2.23,265058.5
Cross River,Rice,2023,114448.4,2.67,305282.9
Cross River,Rice,2024,114387,2.6,297131.4
Delta,Rice,2014,22159.9,2.89,64075
Delta,Rice,2015,31755,2.24,71278.4
Delta,Rice,2016,25922.5,2.59,67213.8
Delta,Rice,2017,27205.2,2.44,66456.5
Delta,Rice,2018,25149.9,2.97,74754.6
Delta,Rice,2019,30976.7,2.47,76518.8
Delta,Rice,2020,29365.2,2.64,77471
Delta,Rice,2021,38019.4,2.32,88058.2
Delta,Rice,2022,31444.7,2.31,72494.4
Delta,Rice,2023,28812.4,2.87,82812.1
Delta,Rice,2024,41952.4,2.03,85100.8
Ebonyi,Rice,2014,175822.2,2.86,502025.1
Ebonyi,Rice,2015,173772.8,3.15,548190.5
Ebonyi,Rice,2016,244248.2,2.4,586259.3
Ebonyi,Rice,2017,185705.5,2.72,505878.1
Ebonyi,Rice,2018,257509,2.11,542335.3
Ebonyi,Rice,2019,187693,3.11,584662.9
Ebonyi,Rice,2020,235688,2.59,611261.5
Ebonyi,Rice,2021,219711.2,2.92,642484.8
Ebonyi,Rice,2022,218072.4,2.71,589921.1
Ebonyi,Rice,2023,221390.5,2.84,628302.4
Ebonyi,Rice,2024,299414.4,2.22,663756.1
Ekiti,Rice,2014,67300.2,2.92,196384
Ekiti,Rice,2015,72300.3,2.75,198968.2
Ekiti,Rice,2016,101798.1,2.08,211529.9
Ekiti,Rice,2017,98060.4,2.01,197539
Ekiti,Rice,2018,101995.8,2.14,218177
Ekiti,Rice,2019,101263.3,2.57,260231.7
Ekiti,Rice,2020,103643.9,2.21,229415.3
Ekiti,Rice,2021,80457,3.07,247203.5
Ekiti,Rice,2022,86334,2.54,219542.2
Ekiti,Rice,2023,80762.6,3.04,245749.6
Ekiti,Rice,2024,108648,2.24,243126.2
Enugu,Rice,2014,67802.2,2.67,180702.4
Enugu,Rice,2015,58586.3,2.91,170328.7
Enugu,Rice,2016,73697.6,2.53,186559.8
Enugu,Rice,2017,53340.3,2.74,145970.8
Enugu,Rice,2018,86559.4,2.17,187638.7
Enugu,Rice,2019,77439.8,2.6,201567.8
Enugu,Rice,2020,73722.3,2.33,171676.2
Enugu,Rice,2021,85478,2.42,207054.7
Enugu,Rice,2022,71743.9,2.78,199769.1
Enugu,Rice,2023,83567.8,2.41,201133.4
Enugu,Rice,2024,79735.7,2.83,225469.8
Gombe,Rice,2014,58846,2.16,127230.7
Gombe,Rice,2015,51243.8,2.34,120129.4
Gombe,Rice,2016,72568.7,2.01,146096.7
Gombe,Rice,2017,68791.5,2.18,150260.9
Gombe,Rice,2018,62468.9,2.34,145900
Gombe,Rice,2019,51498.5,3.03,156114.6
Gombe,Rice,2020,63159.2,2.46,155510.5
Gombe,Rice,2021,75493.2,2.31,174243.2
Gombe,Rice,2022,43632.9,3.14,136999.4
Gombe,Rice,2023,52600.4,3.07,161253.7
Gombe,Rice,2024,89186.8,2.08,185773.3
Jigawa,Rice,2014,129823,2.3,298024.7
Jigawa,Rice,2015,104532.1,2.88,301069
Jigawa,Rice,2016,121485.4,2.66,323731.7
Jigawa,Rice,2017,95774,3.11,297936.2
Jigawa,Rice,2018,98677.2,3.01,297495.8
Jigawa,Rice,2019,186432.2,2.02,376495.6
Jigawa,Rice,2020,118315.3,2.86,337944.3
Jigawa,Rice,2021,149496.1,2.54,379400.1
Jigawa,Rice,2022,170818.3,2.11,359625.8
Jigawa,Rice,2023,134160.3,2.87,384787.6
Jigawa,Rice,2024,194602.4,2.08,404845.7
Kaduna,Rice,2014,93192.8,3.03,282159.2
Kaduna,Rice,2015,86317.9,3.13,270113.8
Kaduna,Rice,2016,99080.9,2.79,276143.1
Kaduna,Rice,2017,90321.7,3.11,280896.3
Kaduna,Rice,2018,99286.7,3.14,312114.8
Kaduna,Rice,2019,126297.9,2.58,325312.8
Kaduna,Rice,2020,120765.6,2.62,316768.3
Kaduna,Rice,2021,105521.2,3.06,322398.3
Kaduna,Rice,2022,123989.1,2.38,294804
Kaduna,Rice,2023,112957.6,2.91,328196.5
Kaduna,Rice,2024,111133.6,3.18,353764.4
Kano,Rice,2014,182850.4,2.77,505793.8
Kano,Rice,2015,185498.8,2.59,480851.5
Kano,Rice,2016,219114,2.49,545591.1
Kano,Rice,2017,258134.4,2.12,548111.4
Kano,Rice,2018,161421.1,3.18,514090
Kano,Rice,2019,204314.4,2.95,601719.4
Kano,Rice,2020,243846.8,2.41,587958.7
Kano,Rice,2021,197627,2.79,550880.3
Kano,Rice,2022,263661.9,2.22,586165
Kano,Rice,2023,319759,2.07,662048.9
Kano,Rice,2024,269468.4,2.09,564399.4
Katsina,Rice,2014,62469.1,2.09,130490.7
Katsina,Rice,2015,41503.7,3.19,132489.2
Katsina,Rice,2016,64404.3,2.18,140404.4
Katsina,Rice,2017,49779.9,3.02,150274.1
Katsina,Rice,2018,48925.9,2.78,136092.2
Katsina,Rice,2019,53607.9,2.47,132297.1
Katsina,Rice,2020,78631.3,2.03,159640.8
Katsina,Rice,2021,55536.6,3.01,166929.9
Katsina,Rice,2022,64217.9,2.38,153107.8
Katsina,Rice,2023,53334,3.17,168881.2
Katsina,Rice,2024,80238.7,2.35,188213.7
Kebbi,Rice,2014,332216.8,2.7,895752.2
Kebbi,Rice,2015,497342.8,2.09,
Kebbi,Rice,2016,352991.1,2.66,937805.4
Kebbi,Rice,2017,368428.5,2.73,1006725.3
Kebbi,Rice,2018,362406.6,2.74,993861.3
Kebbi,Rice,2019,559180.7,2.03,1133304.2
Kebbi,Rice,2020,330968,3.02,1000565.1
Kebbi,Rice,2021,516224.6,2.11,1090890.8
Kebbi,Rice,2022,384735.3,2.8,1075531
Kebbi,Rice,2023,394974.8,3.16,1247900.6
Kebbi,Rice,2024,497858.4,2.52,1253299.3
Kogi,Rice,2014,41594.4,2.27,94287.9
Kogi,Rice,2015,33180.2,3.03,100601.2
Kogi,Rice,2016,38141.1,2.72,103717.5
Kogi,Rice,2017,31159.7,3.16,98569
Kogi,Rice,2018,47681.3,2.55,121485.2
Kogi,Rice,2019,48311.8,2.36,114097.1
Kogi,Rice,2020,39831.4,3.11,124044.3
Kogi,Rice,2021,43276.6,2.98,129045.4
Kogi,Rice,2022,58239.2,2.07,120715.8
Kogi,Rice,2023,57787.9,2.36,136318.7
Kogi,Rice,2024,50615.9,3,151981.2
Kwara,Rice,2014,23659.9,2.63,62329.4
Kwara,Rice,2015,22719.7,2.96,67208
Kwara,Rice,2016,34533.8,2.02,69831.6
Kwara,Rice,2017,31619.3,2.45,77588.7
Kwara,Rice,2018,33210.3,2.12,70417.3
Kwara,Rice,2019,28491.9,2.86,81489.8
Kwara,Rice,2020,26404,2.97,78358.7
Kwara,Rice,2021,41553.3,2.08,86473.7
Kwara,Rice,2022,25500.7,2.93,74621
Kwara,Rice,2023,29217,2.52,73725.1
Kwara,Rice,2024,37667.5,2.6,97965.4
Nasarawa,Rice,2014,73195.3,3.09,226302.2
Nasarawa,Rice,2015,79890.5,2.91,232606.9
Nasarawa,Rice,2016,82408.9,3.02,248755.4
Nasarawa,Rice,2017,80316.2,3.16,254189.1
Nasarawa,Rice,2018,116698.9,2.18,254780.2
Nasarawa,Rice,2019,106328.1,2.6,276971.7
Nasarawa,Rice,2020,121420.6,2.32,281391
Nasarawa,Rice,2021,114866.8,2.5,287315.4
Nasarawa,Rice,2022,119505.6,2.3,275337.2
Nasarawa,Rice,2023,102728.1,3.03,311514.4
Nasarawa,Rice,2024,134568.8,2.45,329973.9
Niger,Rice,2014,234673.3,2.76,647016.5
Niger,Rice,2015,252521.3,2.58,650977.2
Niger,Rice,2016,270765.2,2.61,705777.6
Niger,Rice,2017,228898.1,2.97,680428
Niger,Rice,2018,281107.8,2.31,649210.9
Niger,Rice,2019,270103.2,2.92,787786.5
Niger,Rice,2020,341017,2.26,769538
Niger,Rice,2021,290626.5,2.92,849823.7
Niger,Rice,2022,222565,3.12,695396
Niger,Rice,2023,259627.9,3.09,802706.4
Niger,Rice,2024,288557.4,3.08,888105.7
Ogun,Rice,2014,38257.7,2.49,95293.9
Ogun,Rice,2015,41000.9,2.63,107919.6
Ogun,Rice,2016,40592.5,2.79,113333.7
Ogun,Rice,2017,43401.5,2.61,113355.9
Ogun,Rice,2018,48790.5,2.02,98387.6
Ogun,Rice,2019,36006.2,3.17,114205.6
Ogun,Rice,2020,37409,2.91,108784.5
Ogun,Rice,2021,45680.3,2.63,120219.1
Ogun,Rice,2022,49018,2.64,129633.2
Ogun,Rice,2023,44932,2.73,122782.3
Ogun,Rice,2024,67732.6,2.08,140862
Plateau,Rice,2014,23241.4,3.11,72363.6
Plateau,Rice,2015,23414.5,3.18,74506.2
Plateau,Rice,2016,30925.6,2.42,74922.2
Plateau,Rice,2017,33773,2.26,76269.2
Plateau,Rice,2018,31020.8,2.41,74877.8
Plateau,Rice,2019,32878.2,2.43,79771.1
Plateau,Rice,2020,31148.8,2.52,78533
Plateau,Rice,2021,28873.8,2.72,78462.4
Plateau,Rice,2022,31527.5,2.41,76122
Plateau,Rice,2023,33351.3,2.57,85578.3
Plateau,Rice,2024,30365.3,2.95,89718.1
Sokoto,Rice,2014,139381.8,2.31,322368.4
Sokoto,Rice,2015,135211.3,2.52,340507.2
Sokoto,Rice,2016,145494.8,2.27,330774
Sokoto,Rice,2017,164330.9,2.21,363500.1
Sokoto,Rice,2018,158503.1,2.34,371237.6
Sokoto,Rice,2019,165526.6,2.4,397850.4
Sokoto,Rice,2020,138593.9,2.73,378061.7
Sokoto,Rice,2021,166021,2.5,414556.6
Sokoto,Rice,2022,161192,2.58,415690.1
Sokoto,Rice,2023,148331.3,2.9,430431.2
Sokoto,Rice,2024,125760.7,3.1,390247.3
Taraba,Rice,2014,155346.2,2.2,342329.7
Taraba,Rice,2015,188044.6,2.11,397568.7
Taraba,Rice,2016,137628.2,3.02,415723.1
Taraba,Rice,2017,147566.5,2.55,375685.5
Taraba,Rice,2018,150060.2,2.57,385709.6
Taraba,Rice,2019,155811.8,2.66,413896.2
Taraba,Rice,2020,147545,2.97,437962.8
Taraba,Rice,2021,199297.9,2.12,422005.3
Taraba,Rice,2022,193354,2.12,410873.7
Taraba,Rice,2023,195765.4,2.67,523557
Taraba,Rice,2024,171544,2.92,500375.2
Yobe,Rice,2014,24062.3,2.6,62538.7
Yobe,Rice,2015,28043.8,2.53,70888.3
Yobe,Rice,2016,34345.3,2.27,77939.8
Yobe,Rice,2017,22057,3.13,69062.4
Yobe,Rice,2018,34797.9,2.03,70507.5
Yobe,Rice,2019,29565.5,2.81,83072.5
Yobe,Rice,2020,26161.7,3.01,78828.6
Yobe,Rice,2021,29250.4,2.87,83809.5
Yobe,Rice,2022,27715.7,2.75,76283.2
Yobe,Rice,2023,29321.7,3.14,92030.4
Yobe,Rice,2024,27549.2,2.66,73223.7
Zamfara,Rice,2014,54725.4,2.73,149531.7
Zamfara,Rice,2015,45058.1,3.2,144122.5
Zamfara,Rice,2016,52566.1,2.96,155769.2
Zamfara,Rice,2017,46254.4,2.5,115668.5
Zamfara,Rice,2018,57732.8,2.5,144171.8
Zamfara,Rice,2019,64632.6,2.31,149340.3
Zamfara,Rice,2020,70069,2.23,156361.1
Zamfara,Rice,2021,63539.3,2.5,158599.9
Zamfara,Rice,2022,62394.1,2.79,173864.3
Zamfara,Rice,2023,83896.3,2.25,188366.6
Zamfara,Rice,2024,74849,2.44,182892.4
Abia,Yam,2014,47103.8,10.55,496776.5
Abia,Yam,2015,37593.1,13.17,495203
Abia,Yam,2016,39633.4,13.49,534692.4
Abia,Yam,2017,39857.9,14.92,594810
Abia,Yam,2018,42005.6,13.39,562375.4
Abia,Yam,2019,40300,14.68,591479.4
Abia,Yam,2020,50675.6,11.86,600823
Abia,Yam,2021,40783,14.94,609421
Abia,Yam,2022,51518.3,12.02,619028.7
Abia,Yam,2023,52534.6,13.16,691408.1
Abia,Yam,2024,51799.5,13.43,695709
Adamawa,Yam,2014,82639.2,14.01,1157799.4
Adamawa,Yam,2015,135957.9,10.67,1450920
Adamawa,Yam,2016,94473.2,12.58,1188514.4
Adamawa,Yam,2017,98470.6,13.86,1365264.3
Adamawa,Yam,2018,130844.1,11.16,1459749.9
Adamawa,Yam,2019,116062,11.97,1389628
Adamawa,Yam,2020,126424,11.27,1424327.6
Adamawa,Yam,2021,130295,11.61,1512420.3
Adamawa,Yam,2022,117438.2,12.66,1486423.2
Adamawa,Yam,2023,143795.9,12.22,1757144.7
Adamawa,Yam,2024,160598.4,10.56,1695794.9
Anambra,Yam,2014,35974.1,13.57,488034.5
Anambra,Yam,2015,46311.1,12.1,560453.2
Anambra,Yam,2016,41314.4,11.51,475544
Anambra,Yam,2017,40225.4,14.07,565802.5
Anambra,Yam,2018,46245.1,12.83,593540.9
Anambra,Yam,2019,49396.3,10.98,542554.7
Anambra,Yam,2020,43311.2,13.8,597697.8
Anambra,Yam,2021,44580.1,13.71,611107.2
Anambra,Yam,2022,43084.9,13.6,585908
Anambra,Yam,2023,56433.5,11.22,633241.8
Anambra,Yam,2024,46983.2,14.96,702879.2
Bauchi,Yam,2014,21848.8,11.17,244109.2
Bauchi,Yam,2015,23260.2,11.18,259943.6
Bauchi,Yam,2016,23574.8,10.01,235893.2
Bauchi,Yam,2017,23726.3,11.59,274945
Bauchi,Yam,2018,19467,13.98,272151.2
Bauchi,Yam,2019,24502.6,11.7,286616.6
Bauchi,Yam,2020,27430.2,10.5,288071.2
Bauchi,Yam,2021,24413.4,11.71,285929.8
Bauchi,Yam,2022,22783.4,12.04,274329.4
Bauchi,Yam,2023,22214.4,13.82,307076.4
Bauchi,Yam,2024,30357.9,12.31,373585.1
Benue,Yam,2014,715333.6,11.39,8147728.3
Benue,Yam,2015,862732.9,10.02,8646740.5
Benue,Yam,2016,695682.8,12.65,8798795.1
Benue,Yam,2017,715608.6,11.67,8347911.7
Benue,Yam,2018,814687.8,11.73,9558238
Benue,Yam,2019,880134.9,10.47,9215329
Benue,Yam,2020,890332.4,10.49,9343702.4
Benue,Yam,2021,871737.8,10.9,9499728.2
Benue,Yam,2022,804602.5,13.75,11066657.5
Benue,Yam,2023,1078835.4,10.46,11283127.5
Benue,Yam,2024,1103645,12.28,13555256.4
Cross River,Yam,2014,106981.5,12.06,1289969.9
Cross River,Yam,2015,111577,12.98,1447829.9
Cross River,Yam,2016,140536.1,10.21,1434226.1
Cross River,Yam,2017,140842.5,10.02,1411763.7
Cross River,Yam,2018,127919.9,13.32,1703650.7
Cross River,Yam,2019,110306.6,14.9,1643140
Cross River,Yam,2020,104654.6,14.23,1489128.4
Cross River,Yam,2021,148092.5,11.27,
Cross River,Yam,2022,145863.9,12.25,1786565.4
Cross River,Yam,2023,190884.7,10.12,1931016
Cross River,Yam,2024,148142.3,13.95,2067131.7
Delta,Yam,2014,131866,12.45,1641533.7
Delta,Yam,2015,167683.4,10.68,1791547.7
Delta,Yam,2016,147455.1,12.16,1793771
Delta,Yam,2017,143106.1,11.21,1603961
Delta,Yam,2018,158649.2,11.37,1803197
Delta,Yam,2019,176339.9,10.5,1851447.6
Delta,Yam,2020,178693.8,10.69,1910052.1
Delta,Yam,2021,151498.5,14.77,2237030.3
Delta,Yam,2022,167528.2,10.89,1823741.5
Delta,Yam,2023,200124.4,11.6,2321934.1
Delta,Yam,2024,193934.5,14.66,2843952.7
Ebonyi,Yam,2014,27590.9,14.33,395302.7
Ebonyi,Yam,2015,27291.5,13.76,375525.9
Ebonyi,Yam,2016,32861.9,12.08,397072.3
Ebonyi,Yam,2017,31830.1,14,445496.7
Ebonyi,Yam,2018,29314.7,14.92,437289.4
Ebonyi,Yam,2019,37426.8,11.97,448018.3
Ebonyi,Yam,2020,41970,11.03,463100.2
Ebonyi,Yam,2021,39806,10.76,428487.4
Ebonyi,Yam,2022,31808.4,14.54,462349.5
Ebonyi,Yam,2023,35141.7,14.62,513749.5
Ebonyi,Yam,2024,57007.8,10.48,597213.3
Edo,Yam,2014,143325.3,12.32,1766465.6
Edo,Yam,2015,126506,14.99,1896058.7
Edo,Yam,2016,125763.9,14.8,1861164
Edo,Yam,2017,153351.9,12.95,1986057.1
Edo,Yam,2018,141997.6,12.97,1842112.4
Edo,Yam,2019,154832.9,13.72,2123997.7
Edo,Yam,2020,172105.4,12.76,2196838.3
Edo,Yam,2021,166745.2,12.77,2129683.9
Edo,Yam,2022,147350.9,14.23,2096809.4
Edo,Yam,2023,207368.2,12,2488082.2
Edo,Yam,2024,255438.4,10.35,2643328.3
Ekiti,Yam,2014,170392.3,10.57,1801135.1
Ekiti,Yam,2015,157429.5,12.95,2038963.8
Ekiti,Yam,2016,147919.7,13.92,2058912.5
Ekiti,Yam,2017,216378.7,10.24,2216334.3
Ekiti,Yam,2018,189543.4,10.86,2059336.1
Ekiti,Yam,2019,142818,13.67,1951960.9
Ekiti,Yam,2020,183801.9,13.26,2437690.7
Ekiti,Yam,2021,159451.7,14.7,2343954.7
Ekiti,Yam,2022,213706.1,10.76,2299827.3
Ekiti,Yam,2023,234066.6,11.38,2662686.1
Ekiti,Yam,2024,237260.9,11.68,2771361.4
Enugu,Yam,2014,62483.1,11.86,741269.5
Enugu,Yam,2015,80417.6,10.09,811280.1
Enugu,Yam,2016,59372.7,11.92,707872.5
Enugu,Yam,2017,63580.5,12.27,780278.5
Enugu,Yam,2018,61449.6,12.77,784570.1
Enugu,Yam,2019,73162.8,12.05,881297.2
Enugu,Yam,2020,61461.7,13.68,840529
Enugu,Yam,2021,72012.1,12.66,911632.4
Enugu,Yam,2022,79197.2,11.83,937036
Enugu,Yam,2023,73755.2,12.72,938367.8
Enugu,Yam,2024,80379.3,12.76,1025714.8
Gombe,Yam,2014,15859.6,14,222102.8
Gombe,Yam,2015,21630.5,11.42,247078.4
Gombe,Yam,2016,23797.3,10.56,251307.4
Gombe,Yam,2017,24534,11.08,
Gombe,Yam,2018,21492,12.57,270216.9
Gombe,Yam,2019,25866,10.81,279724.7
Gombe,Yam,2020,26512.5,10.6,281119.1
Gombe,Yam,2021,26245.1,11.71,307249.7
Gombe,Yam,2022,22746.8,13.24,301061.9
Gombe,Yam,2023,21004.1,14.89,312772.7
Gombe,Yam,2024,24053.4,14.88,
Imo,Yam,2014,89132.9,10.42,929129.8
Imo,Yam,2015,72390.2,14.58,1055195.8
Imo,Yam,2016,83851.5,10.33,865989.2
Imo,Yam,2017,85415.1,13.1,1118561.1
Imo,Yam,2018,97498,10.09,983832.7
Imo,Yam,2019,82399.3,13.6,1120347
Imo,Yam,2020,87296.7,12.71,1109700.6
Imo,Yam,2021,119131.7,10.59,1262172.4
Imo,Yam,2022,85126.2,13.75,1170323.3
Imo,Yam,2023,89398.4,14.38,1285149.6
Imo,Yam,2024,96772.8,14.42,1395874.8
Kaduna,Yam,2014,201148.3,13.1,2635402.9
Kaduna,Yam,2015,268455,12.01,3223280.1
Kaduna,Yam,2016,266809.2,11.5,3067483.1
Kaduna,Yam,2017,263963,11.3,2983241.6
Kaduna,Yam,2018,225401.3,13.54,3052037
Kaduna,Yam,2019,316650.7,10.75,3403003.8
Kaduna,Yam,2020,305023.1,11.01,3358438.7
Kaduna,Yam,2021,254626.3,13.55,3450498.3
Kaduna,Yam,2022,284632.5,12.19,3469656
Kaduna,Yam,2023,412149.5,10.1,4162228.3
Kaduna,Yam,2024,378690.5,11.29,4275052.5
Kogi,Yam,2014,224785.5,13.81,3103649.5
Kogi,Yam,2015,228869.1,13.36,3057247.8
Kogi,Yam,2016,239371.8,11.61,2779695.6
Kogi,Yam,2017,302636.3,11.21,3393284
Kogi,Yam,2018,314942.6,11.59,3648851.4
Kogi,Yam,2019,286864.8,10.89,3124591.3
Kogi,Yam,2020,255514.4,12.61,3222052.7
Kogi,Yam,2021,266699,14.37,3833231.7
Kogi,Yam,2022,341598.3,10.01,3419926.8
Kogi,Yam,2023,335477.2,10.99,3686575.9
Kogi,Yam,2024,355475.8,12.05,4283452.2
Kwara,Yam,2014,148697.2,10.2,83457869
Kwara,Yam,2015,178871.1,11.48,2053763.8
Kwara,Yam,2016,115866.1,14.78,1712123.3
Kwara,Yam,2017,184182.7,10.55,1943707.6
Kwara,Yam,2018,152476.6,12.68,1933556.4
Kwara,Yam,2019,133435.6,14.33,
Kwara,Yam,2020,129215.8,14.76,1907871.3
Kwara,Yam,2021,141695.1,14.76,2091596.7
Kwara,Yam,2022,139770.2,14.75,2061653.7
Kwara,Yam,2023,179038.7,11.28,2018757
Kwara,Yam,2024,203636.7,12.11,2466855.8
Nasarawa,Yam,2014,160981.8,13.91,2239260.6
Nasarawa,Yam,2015,200796.7,14.27,2864711.6
Nasarawa,Yam,2016,200918.1,12.81,2573248.3
Nasarawa,Yam,2017,247190.5,11.65,2880678.8
Nasarawa,Yam,2018,257208,10.72,2756907.7
Nasarawa,Yam,2019,257510.9,11.06,2848260.1
Nasarawa,Yam,2020,239297.3,12.41,2969070.5
Nasarawa,Yam,2021,287889.3,11.22,3231263.9
Nasarawa,Yam,2022,223009,12.29,2741073.1
Nasarawa,Yam,2023,233141,13.34,3109925.5
Nasarawa,Yam,2024,342571.6,10.84,3712961.9
Niger,Yam,2014,241998.4,13.17,3186839.8
Niger,Yam,2015,277603.4,13.39,3716120.3
Niger,Yam,2016,229997.9,12.95,2979329.9
Niger,Yam,2017,277671.3,13.9,3860438.3
Niger,Yam,2018,358000.9,10.83,3876232.5
Niger,Yam,2019,332857.7,11.98,3985982.6
Niger,Yam,2020,282812.6,14.41,
Niger,Yam,2021,349513.9,12.25,4281299.9
Niger,Yam,2022,372040.7,11.06,4114686
Niger,Yam,2023,363915.2,13.28,4831916.9
Niger,Yam,2024,400585.3,13.22,5297379
Ogun,Yam,2014,107200.3,13.67,1465295.4
Ogun,Yam,2015,101644.5,14.04,1426800.4
Ogun,Yam,2016,150405.6,10.51,1580682.9
Ogun,Yam,2017,146611.6,10.94,1604166.5
Ogun,Yam,2018,114181,14.49,1654084.4
Ogun,Yam,2019,174288.2,10.52,1834047.4
Ogun,Yam,2020,119001.4,14.92,1775838.5
Ogun,Yam,2021,165795.3,10.66,1767174.5
Ogun,Yam,2022,129146.7,13,1678710.6
Ogun,Yam,2023,117781.2,14.76,1738994
Ogun,Yam,2024,172098,10.96,1886702.3
Ondo,Yam,2014,137767,13.27,1828238.9
Ondo,Yam,2015,188880.2,10.94,2065965.2
Ondo,Yam,2016,161760.6,13.37,2163222.8
Ondo,Yam,2017,207699.8,10.24,2126195.6
Ondo,Yam,2018,217909.8,10.08,2197162.2
Ondo,Yam,2019,161952.8,13.71,2220143.2
Ondo,Yam,2020,203457.2,11.47,2334441.2
Ondo,Yam,2021,189970.6,12.45,2365711.2
Ondo,Yam,2022,205246.9,11.6,2379998.6
Ondo,Yam,2023,186130.7,14.55,2708506.2
Ondo,Yam,2024,199579.8,13.87,2768507
Osun,Yam,2014,123780.6,14.92,1847164
Osun,Yam,2015,161588.5,11.71,1892142.4
Osun,Yam,2016,156929.8,10.93,1714598.7
Osun,Yam,2017,125602.9,14.59,1833063.1
Osun,Yam,2018,165317.5,12.92,2136430.2
Osun,Yam,2019,118052.6,13.91,1642678.2
Osun,Yam,2020,141235.1,14.38,2031462.6
Osun,Yam,2021,163177.2,12.68,2069550.5
Osun,Yam,2022,152994.8,12.31,1882676.8
Osun,Yam,2023,187224,12.71,2379691.3
Osun,Yam,2024,190035,11.95,2270978.3
Oyo,Yam,2014,198771.8,12.2,2425103.5
Oyo,Yam,2015,202846.8,11.37,2307204.7
Oyo,Yam,2016,191785.6,12.38,2374552.1
Oyo,Yam,2017,164003.3,13.56,2223521.9
Oyo,Yam,2018,166349.9,14.96,2488407.2
Oyo,Yam,2019,211832.6,11.9,2519804.9
Oyo,Yam,2020,220766,10.55,2329845.4
Oyo,Yam,2021,194966.2,13.89,
Oyo,Yam,2022,214423.1,11.96,2565494.4
Oyo,Yam,2023,256255.5,11.42,2925823.6
Oyo,Yam,2024,226440.7,14.2,3214522.4
Plateau,Yam,2014,70412.9,14.11,993731.8
Plateau,Yam,2015,111210.7,10.34,1149455.1
Plateau,Yam,2016,104656.9,10.25,1073235.5
Plateau,Yam,2017,88953.5,11.27,1002623.1
Plateau,Yam,2018,103812.5,11.27,1169792.4
Plateau,Yam,2019,87588.3,13.04,1142475.8
Plateau,Yam,2020,80383,14.26,1146235.2
Plateau,Yam,2021,99792.4,12.33,1229947.9
Plateau,Yam,2022,96790.4,11.51,1114289.5
Plateau,Yam,2023,97502,14.27,1391345.6
Plateau,Yam,2024,115964.9,10.88,1261904.3
Taraba,Yam,2014,198812.8,13.6,2704545.7
Taraba,Yam,2015,188871.3,14.26,2694042.3
Taraba,Yam,2016,196543.4,14.37,2824638.3
Taraba,Yam,2017,197649.3,13.42,2651720.3
Taraba,Yam,2018,237240.7,12.97,3076811
Taraba,Yam,2019,233622.2,14.29,3339609.2
Taraba,Yam,2020,274360.6,11.3,3099505.9
Taraba,Yam,2021,244643.6,12.65,3095782.3
Taraba,Yam,2022,254049.7,11.4,2897305.3
Taraba,Yam,2023,247505.7,14.3,3540112
Taraba,Yam,2024,295314,14.08,4158104.1
Ekiti,Cassava,2015,98286.9,11.31,1111564
